frame,id,x,y,width,height,xVelocity,yVelocity,xAcceleration,yAcceleration,laneId,precedingId,precedingX,precedingY,precedingXVelocity,precedingYVelocity,precedingXAcceleration,precedingYAcceleration
2,1,92.41,0.024244,3.94,1.72,12.42000008,0.0,-2.9999730000000113,0.0,-999,-999,-999,-999,-999,-999,-999,-999
3,1,92.618,0.024244,3.94,1.72,12.47999954,0.0,2.9999730000000113,0.0,-999,-999,-999,-999,-999,-999,-999,-999
4,1,92.826,0.024244,3.94,1.72,12.47999954,0.0,0.0,0.0,-999,-999,-999,-999,-999,-999,-999,-999
5,1,93.033,0.024244,3.94,1.72,12.42000008,0.0,-2.9999730000000113,0.0,-999,-999,-999,-999,-999,-999,-999,-999
6,1,93.241,0.024244,3.94,1.72,12.47999954,0.0,2.9999730000000113,0.0,-999,-999,-999,-999,-999,-999,-999,-999
7,1,93.445,0.024244,3.94,1.72,12.23999977,0.0,-11.999988499999947,0.0,-999,-999,-999,-999,-999,-999,-999,-999
8,1,93.648,0.024244,3.94,1.72,12.18000031,0.0,-2.9999730000000113,0.0,-999,-999,-999,-999,-999,-999,-999,-999
9,1,93.852,0.024244,3.94,1.72,12.23999977,0.0,2.9999730000000113,0.0,-999,-999,-999,-999,-999,-999,-999,-999
10,1,94.056,0.024244,3.94,1.72,12.23999977,0.0,0.0,0.0,-999,-999,-999,-999,-999,-999,-999,-999
11,1,94.259,0.024244,3.94,1.72,12.18000031,0.0,-2.9999730000000113,0.0,-999,-999,-999,-999,-999,-999,-999,-999
12,1,94.463,0.024244,3.94,1.72,12.23999977,0.0,2.9999730000000113,0.0,-999,-999,-999,-999,-999,-999,-999,-999
13,1,94.662,0.024244,3.94,1.72,11.93999958,0.0,-15.000009500000022,0.0,-999,-999,-999,-999,-999,-999,-999,-999
14,1,94.86,0.024244,3.94,1.72,11.88000011,0.0,-2.9999735000000527,0.0,-999,-999,-999,-999,-999,-999,-999,-999
15,1,95.059,0.024244,3.94,1.72,11.93999958,0.0,2.9999735000000527,0.0,-999,-999,-999,-999,-999,-999,-999,-999
16,1,95.258,0.024244,3.94,1.72,11.93999958,0.0,0.0,0.0,-999,-999,-999,-999,-999,-999,-999,-999
17,1,95.456,0.024244,3.94,1.72,11.88000011,0.0,-2.9999735000000527,0.0,-999,-999,-999,-999,-999,-999,-999,-999
18,1,95.655,0.024244,3.94,1.72,11.93999958,0.0,2.9999735000000527,0.0,-999,-999,-999,-999,-999,-999,-999,-999
19,1,95.848,0.024244,3.94,1.72,11.57999992,0.0,-17.999982999999986,0.0,-999,-999,-999,-999,-999,-999,-999,-999
20,1,96.041,0.024244,3.94,1.72,11.57999992,0.0,0.0,0.0,-999,-999,-999,-999,-999,-999,-999,-999
21,1,96.234,0.024244,3.94,1.72,11.57999992,0.0,0.0,0.0,-999,-999,-999,-999,-999,-999,-999,-999
22,1,96.427,0.024244,3.94,1.72,11.57999992,0.0,0.0,0.0,-999,-999,-999,-999,-999,-999,-999,-999
23,1,96.62,0.024244,3.94,1.72,11.57999992,0.0,0.0,0.0,-999,-999,-999,-999,-999,-999,-999,-999
24,1,96.813,0.024244,3.94,1.72,11.57999992,0.0,0.0,0.0,-999,-999,-999,-999,-999,-999,-999,-999
25,1,97.0,0.024244,3.94,1.72,11.22000027,0.0,-17.999982500000034,0.0,-999,-999,-999,-999,-999,-999,-999,-999
26,1,97.187,0.024244,3.94,1.72,11.22000027,0.0,0.0,0.0,-999,-999,-999,-999,-999,-999,-999,-999
27,1,97.375,0.024244,3.94,1.72,11.27999973,0.0,2.9999730000000113,0.0,-999,-999,-999,-999,-999,-999,-999,-999
28,1,97.562,0.024244,3.94,1.72,11.22000027,0.0,-2.9999730000000113,0.0,-999,-999,-999,-999,-999,-999,-999,-999
29,1,97.749,0.024244,3.94,1.72,11.22000027,0.0,0.0,0.0,-999,-999,-999,-999,-999,-999,-999,-999
30,1,97.936,0.024244,3.94,1.72,11.22000027,0.0,0.0,0.0,-999,-999,-999,-999,-999,-999,-999,-999
31,1,98.116,0.024244,3.94,1.72,10.80000019,0.0,-21.000003999999972,0.0,-999,-999,-999,-999,-999,-999,-999,-999
32,1,98.295,0.024244,3.94,1.72,10.73999977,0.0,-3.000020999999986,0.0,-999,-999,-999,-999,-999,-999,-999,-999
33,1,98.475,0.024244,3.94,1.72,10.80000019,0.0,3.000020999999986,0.0,-999,-999,-999,-999,-999,-999,-999,-999
34,1,98.654,0.024244,3.94,1.72,10.73999977,0.0,-3.000020999999986,0.0,-999,-999,-999,-999,-999,-999,-999,-999
35,1,98.834,0.024244,3.94,1.72,10.80000019,0.0,3.000020999999986,0.0,-999,-999,-999,-999,-999,-999,-999,-999
36,1,99.013,0.024244,3.94,1.72,10.73999977,0.0,-3.000020999999986,0.0,-999,-999,-999,-999,-999,-999,-999,-999
37,1,99.189,0.024244,3.94,1.72,10.56000042,0.0,-8.99996750000005,0.0,-999,-999,-999,-999,-999,-999,-999,-999
38,1,99.365,0.024244,3.94,1.72,10.56000042,0.0,0.0,0.0,-999,-999,-999,-999,-999,-999,-999,-999
39,1,99.541,0.024244,3.94,1.72,10.56000042,0.0,0.0,0.0,-999,-999,-999,-999,-999,-999,-999,-999
40,1,99.718,0.024244,3.94,1.72,10.61999989,0.0,2.9999735000000527,0.0,-999,-999,-999,-999,-999,-999,-999,-999
41,1,99.894,0.024244,3.94,1.72,10.56000042,0.0,-2.9999735000000527,0.0,-999,-999,-999,-999,-999,-999,-999,-999
42,1,100.07,0.024244,3.94,1.72,10.56000042,0.0,0.0,0.0,-999,-999,-999,-999,-999,-999,-999,-999
43,1,100.24,0.024244,3.94,1.72,10.19999981,0.0,-18.00003050000001,0.0,-999,-999,-999,-999,-999,-999,-999,-999
44,1,100.42,0.024244,3.94,1.72,10.80000019,0.0,30.000019000000044,0.0,-999,-999,-999,-999,-999,-999,-999,-999
45,1,100.59,0.024244,3.94,1.72,10.19999981,0.0,-30.000019000000044,0.0,-999,-999,-999,-999,-999,-999,-999,-999
46,1,100.76,0.024244,3.94,1.72,10.19999981,0.0,0.0,0.0,-999,-999,-999,-999,-999,-999,-999,-999
47,1,100.94,0.024244,3.94,1.72,10.80000019,0.0,30.000019000000044,0.0,-999,-999,-999,-999,-999,-999,-999,-999
48,1,101.11,0.024244,3.94,1.72,10.19999981,0.0,-30.000019000000044,0.0,-999,-999,-999,-999,-999,-999,-999,-999
49,1,101.28,0.024244,3.94,1.72,10.19999981,0.0,0.0,0.0,-999,-999,-999,-999,-999,-999,-999,-999
50,1,101.44,0.024244,3.94,1.72,9.600000381,0.0,-29.999971450000018,0.0,-999,-999,-999,-999,-999,-999,-999,-999
51,1,101.61,0.024244,3.94,1.72,10.19999981,0.0,29.999971450000018,0.0,-999,-999,-999,-999,-999,-999,-999,-999
52,1,101.78,0.024244,3.94,1.72,10.19999981,0.0,0.0,0.0,-999,-999,-999,-999,-999,-999,-999,-999
53,1,101.94,0.024244,3.94,1.72,9.600000381,0.0,-29.999971450000018,0.0,-999,-999,-999,-999,-999,-999,-999,-999
54,1,102.11,0.024244,3.94,1.72,10.19999981,0.0,29.999971450000018,0.0,-999,-999,-999,-999,-999,-999,-999,-999
55,1,102.27,0.024244,3.94,1.72,9.600000381,0.0,-29.999971450000018,0.0,-999,-999,-999,-999,-999,-999,-999,-999
56,1,102.43,0.024244,3.94,1.72,9.600000381,0.0,0.0,0.0,-999,-999,-999,-999,-999,-999,-999,-999
57,1,102.59,0.024244,3.94,1.72,9.600000381,0.0,0.0,0.0,-999,-999,-999,-999,-999,-999,-999,-999
58,1,102.74,0.024244,3.94,1.72,9.0,0.0,-30.00001904999996,0.0,-999,-999,-999,-999,-999,-999,-999,-999
59,1,102.9,0.024244,3.94,1.72,9.600000381,0.0,30.00001904999996,0.0,-999,-999,-999,-999,-999,-999,-999,-999
60,1,103.06,0.024244,3.94,1.72,9.600000381,0.0,0.0,0.0,-999,-999,-999,-999,-999,-999,-999,-999
61,1,103.22,0.024244,3.94,1.72,9.600000381,0.0,0.0,0.0,-999,-999,-999,-999,-999,-999,-999,-999
62,1,103.37,0.024244,3.94,1.72,9.0,0.0,-30.00001904999996,0.0,-999,-999,-999,-999,-999,-999,-999,-999
63,1,103.53,0.024244,3.94,1.72,9.600000381,0.0,30.00001904999996,0.0,-999,-999,-999,-999,-999,-999,-999,-999
64,1,103.69,0.024244,3.94,1.72,9.600000381,0.0,0.0,0.0,-999,-999,-999,-999,-999,-999,-999,-999
65,1,103.84,0.024244,3.94,1.72,9.0,0.0,-30.00001904999996,0.0,-999,-999,-999,-999,-999,-999,-999,-999
66,1,104.0,0.024244,3.94,1.72,9.600000381,0.0,30.00001904999996,0.0,-999,-999,-999,-999,-999,-999,-999,-999
67,1,104.15,0.024244,3.94,1.72,9.0,0.0,-30.00001904999996,0.0,-999,-999,-999,-999,-999,-999,-999,-999
68,1,104.3,0.024244,3.94,1.72,9.0,0.0,0.0,0.0,-999,-999,-999,-999,-999,-999,-999,-999
69,1,104.46,0.024244,3.94,1.72,9.600000381,0.0,30.00001904999996,0.0,-999,-999,-999,-999,-999,-999,-999,-999
70,1,104.61,0.024244,3.94,1.72,9.0,0.0,-30.00001904999996,0.0,-999,-999,-999,-999,-999,-999,-999,-999
71,1,104.76,0.024244,3.94,1.72,9.0,0.0,0.0,0.0,-999,-999,-999,-999,-999,-999,-999,-999
72,1,104.91,0.024244,3.94,1.72,9.0,0.0,0.0,0.0,-999,-999,-999,-999,-999,-999,-999,-999
73,1,105.06,0.024244,3.94,1.72,9.0,0.0,0.0,0.0,-999,-999,-999,-999,-999,-999,-999,-999
74,1,105.21,0.024244,3.94,1.72,9.0,0.0,0.0,0.0,-999,-999,-999,-999,-999,-999,-999,-999
75,1,105.35,0.024244,3.94,1.72,8.399999619,0.0,-30.00001904999996,0.0,-999,-999,-999,-999,-999,-999,-999,-999
76,1,105.5,0.024244,3.94,1.72,9.0,0.0,30.00001904999996,0.0,-999,-999,-999,-999,-999,-999,-999,-999
77,1,105.65,0.024244,3.94,1.72,9.0,0.0,0.0,0.0,-999,-999,-999,-999,-999,-999,-999,-999
78,1,105.8,0.024244,3.94,1.72,9.0,0.0,0.0,0.0,-999,-999,-999,-999,-999,-999,-999,-999
79,1,105.94,0.024244,3.94,1.72,8.399999619,0.0,-30.00001904999996,0.0,-999,-999,-999,-999,-999,-999,-999,-999
80,1,106.09,0.024244,3.94,1.72,9.0,0.0,30.00001904999996,0.0,-999,-999,-999,-999,-999,-999,-999,-999
81,1,106.23,0.024244,3.94,1.72,8.399999619,0.0,-30.00001904999996,0.0,-999,-999,-999,-999,-999,-999,-999,-999
82,1,106.37,0.024244,3.94,1.72,8.399999619,0.0,0.0,0.0,-999,-999,-999,-999,-999,-999,-999,-999
83,1,106.52,0.024244,3.94,1.72,9.0,0.0,30.00001904999996,0.0,-999,-999,-999,-999,-999,-999,-999,-999
84,1,106.66,0.024244,3.94,1.72,8.399999619,0.0,-30.00001904999996,0.0,-999,-999,-999,-999,-999,-999,-999,-999
85,1,106.8,0.024244,3.94,1.72,8.399999619,0.0,0.0,0.0,-999,-999,-999,-999,-999,-999,-999,-999
86,1,106.94,0.024244,3.94,1.72,8.399999619,0.0,0.0,0.0,-999,-999,-999,-999,-999,-999,-999,-999
87,1,107.07,0.024244,3.94,1.72,7.800000191,0.0,-29.999971400000057,0.0,-999,-999,-999,-999,-999,-999,-999,-999
88,1,107.21,0.024244,3.94,1.72,8.399999619,0.0,29.999971400000057,0.0,-999,-999,-999,-999,-999,-999,-999,-999
89,1,107.35,0.024244,3.94,1.72,8.399999619,0.0,0.0,0.0,-999,-999,-999,-999,-999,-999,-999,-999
90,1,107.49,0.024244,3.94,1.72,8.399999619,0.0,0.0,0.0,-999,-999,-999,-999,-999,-999,-999,-999
91,1,107.63,0.024244,3.94,1.72,8.399999619,0.0,0.0,0.0,-999,-999,-999,-999,-999,-999,-999,-999
92,1,107.77,0.024244,3.94,1.72,8.399999619,0.0,0.0,0.0,-999,-999,-999,-999,-999,-999,-999,-999
93,1,107.91,0.024244,3.94,1.72,8.399999619,0.0,0.0,0.0,-999,-999,-999,-999,-999,-999,-999,-999
94,1,108.04,0.024244,3.94,1.72,7.800000191,0.0,-29.999971400000057,0.0,-999,-999,-999,-999,-999,-999,-999,-999
95,1,108.18,0.024244,3.94,1.72,8.399999619,0.0,29.999971400000057,0.0,-999,-999,-999,-999,-999,-999,-999,-999
96,1,108.32,0.024244,3.94,1.72,8.399999619,0.0,0.0,0.0,-999,-999,-999,-999,-999,-999,-999,-999
97,1,108.46,0.024244,3.94,1.72,8.399999619,0.0,0.0,0.0,-999,-999,-999,-999,-999,-999,-999,-999
98,1,108.59,0.024244,3.94,1.72,7.800000191,0.0,-29.999971400000057,0.0,-999,-999,-999,-999,-999,-999,-999,-999
99,1,108.73,0.024244,3.94,1.72,8.399999619,0.0,29.999971400000057,0.0,-999,-999,-999,-999,-999,-999,-999,-999
100,1,108.87,0.024244,3.94,1.72,8.399999619,0.0,0.0,0.0,-999,-999,-999,-999,-999,-999,-999,-999
101,1,109.0,0.024244,3.94,1.72,7.800000191,0.0,-29.999971400000057,0.0,-999,-999,-999,-999,-999,-999,-999,-999
102,1,109.14,0.024244,3.94,1.72,8.399999619,0.0,29.999971400000057,0.0,-999,-999,-999,-999,-999,-999,-999,-999
103,1,109.28,0.024244,3.94,1.72,8.399999619,0.0,0.0,0.0,-999,-999,-999,-999,-999,-999,-999,-999
104,1,109.41,0.024244,3.94,1.72,7.800000191,0.0,-29.999971400000057,0.0,-999,-999,-999,-999,-999,-999,-999,-999
105,1,109.55,0.024244,3.94,1.72,8.399999619,0.0,29.999971400000057,0.0,-999,-999,-999,-999,-999,-999,-999,-999
106,1,109.68,0.024244,3.94,1.72,7.800000191,0.0,-29.999971400000057,0.0,-999,-999,-999,-999,-999,-999,-999,-999
107,1,109.82,0.024244,3.94,1.72,8.399999619,0.0,29.999971400000057,0.0,-999,-999,-999,-999,-999,-999,-999,-999
108,1,109.95,0.024244,3.94,1.72,7.800000191,0.0,-29.999971400000057,0.0,-999,-999,-999,-999,-999,-999,-999,-999
109,1,110.08,0.024244,3.94,1.72,7.800000191,0.0,0.0,0.0,-999,-999,-999,-999,-999,-999,-999,-999
110,1,110.21,0.024244,3.94,1.72,7.800000191,0.0,0.0,0.0,-999,-999,-999,-999,-999,-999,-999,-999
111,1,110.35,0.024244,3.94,1.72,8.399999619,0.0,29.999971400000057,0.0,-999,-999,-999,-999,-999,-999,-999,-999
112,1,110.48,0.024244,3.94,1.72,7.800000191,0.0,-29.999971400000057,0.0,-999,-999,-999,-999,-999,-999,-999,-999
113,1,110.61,0.024244,3.94,1.72,7.800000191,0.0,0.0,0.0,-999,-999,-999,-999,-999,-999,-999,-999
114,1,110.74,0.024244,3.94,1.72,7.800000191,0.0,0.0,0.0,-999,-999,-999,-999,-999,-999,-999,-999
115,1,110.87,0.024244,3.94,1.72,7.800000191,0.0,0.0,0.0,-999,-999,-999,-999,-999,-999,-999,-999
116,1,111.0,0.024244,3.94,1.72,7.800000191,0.0,0.0,0.0,-999,-999,-999,-999,-999,-999,-999,-999
117,1,111.13,0.024244,3.94,1.72,7.800000191,0.0,0.0,0.0,-999,-999,-999,-999,-999,-999,-999,-999
118,1,111.26,0.024244,3.94,1.72,7.800000191,0.0,0.0,0.0,-999,-999,-999,-999,-999,-999,-999,-999
119,1,111.39,0.024244,3.94,1.72,7.800000191,0.0,0.0,0.0,-999,-999,-999,-999,-999,-999,-999,-999
120,1,111.52,0.024244,3.94,1.72,7.800000191,0.0,0.0,0.0,-999,-999,-999,-999,-999,-999,-999,-999
121,1,111.65,0.024244,3.94,1.72,7.800000191,0.0,0.0,0.0,-999,-999,-999,-999,-999,-999,-999,-999
122,1,111.77,0.024244,3.94,1.72,7.199999809,0.0,-30.000019099999964,0.0,-999,-999,-999,-999,-999,-999,-999,-999
123,1,111.9,0.024244,3.94,1.72,7.800000191,0.0,30.000019099999964,0.0,-999,-999,-999,-999,-999,-999,-999,-999
124,1,112.03,0.024244,3.94,1.72,7.800000191,0.0,0.0,0.0,-999,-999,-999,-999,-999,-999,-999,-999
125,1,112.15,0.024244,3.94,1.72,7.199999809,0.0,-30.000019099999964,0.0,-999,-999,-999,-999,-999,-999,-999,-999
126,1,112.28,0.024244,3.94,1.72,7.800000191,0.0,30.000019099999964,0.0,-999,-999,-999,-999,-999,-999,-999,-999
127,1,112.4,0.024244,3.94,1.72,7.199999809,0.0,-30.000019099999964,0.0,-999,-999,-999,-999,-999,-999,-999,-999
128,1,112.53,0.024244,3.94,1.72,7.800000191,0.0,30.000019099999964,0.0,-999,-999,-999,-999,-999,-999,-999,-999
129,1,112.65,0.024244,3.94,1.72,7.199999809,0.0,-30.000019099999964,0.0,-999,-999,-999,-999,-999,-999,-999,-999
130,1,112.77,0.024244,3.94,1.72,7.199999809,0.0,0.0,0.0,-999,-999,-999,-999,-999,-999,-999,-999
131,1,112.9,0.024244,3.94,1.72,7.800000191,0.0,30.000019099999964,0.0,-999,-999,-999,-999,-999,-999,-999,-999
132,1,113.02,0.024244,3.94,1.72,7.199999809,0.0,-30.000019099999964,0.0,-999,-999,-999,-999,-999,-999,-999,-999
133,1,113.14,0.024244,3.94,1.72,7.199999809,0.0,0.0,0.0,-999,-999,-999,-999,-999,-999,-999,-999
134,1,113.27,0.024244,3.94,1.72,7.800000191,0.0,30.000019099999964,0.0,-999,-999,-999,-999,-999,-999,-999,-999
135,1,113.39,0.024244,3.94,1.72,7.199999809,0.0,-30.000019099999964,0.0,-999,-999,-999,-999,-999,-999,-999,-999
136,1,113.51,0.024244,3.94,1.72,7.199999809,0.0,0.0,0.0,-999,-999,-999,-999,-999,-999,-999,-999
137,1,113.64,0.024244,3.94,1.72,7.800000191,0.0,30.000019099999964,0.0,-999,-999,-999,-999,-999,-999,-999,-999
138,1,113.76,0.024244,3.94,1.72,7.199999809,0.0,-30.000019099999964,0.0,-999,-999,-999,-999,-999,-999,-999,-999
139,1,113.88,0.024244,3.94,1.72,7.199999809,0.0,0.0,0.0,-999,-999,-999,-999,-999,-999,-999,-999
140,1,114.0,0.024244,3.94,1.72,7.199999809,0.0,0.0,0.0,-999,-999,-999,-999,-999,-999,-999,-999
141,1,114.12,0.024244,3.94,1.72,7.199999809,0.0,0.0,0.0,-999,-999,-999,-999,-999,-999,-999,-999
142,1,114.24,0.024244,3.94,1.72,7.199999809,0.0,0.0,0.0,-999,-999,-999,-999,-999,-999,-999,-999
143,1,114.36,0.024244,3.94,1.72,7.199999809,0.0,0.0,0.0,-999,-999,-999,-999,-999,-999,-999,-999
144,1,114.48,0.024244,3.94,1.72,7.199999809,0.0,0.0,0.0,-999,-999,-999,-999,-999,-999,-999,-999
145,1,114.6,0.024244,3.94,1.72,7.199999809,0.0,0.0,0.0,-999,-999,-999,-999,-999,-999,-999,-999
146,1,114.72,0.024244,3.94,1.72,7.199999809,0.0,0.0,0.0,-999,-999,-999,-999,-999,-999,-999,-999
147,1,114.84,0.024244,3.94,1.72,7.199999809,0.0,0.0,0.0,-999,-999,-999,-999,-999,-999,-999,-999
148,1,114.95,0.024244,3.94,1.72,6.599999905,0.0,-29.99999520000003,0.0,-999,-999,-999,-999,-999,-999,-999,-999
149,1,115.07,0.024244,3.94,1.72,7.199999809,0.0,29.99999520000003,0.0,-999,-999,-999,-999,-999,-999,-999,-999
150,1,115.19,0.024244,3.94,1.72,7.199999809,0.0,0.0,0.0,-999,-999,-999,-999,-999,-999,-999,-999
151,1,115.3,0.024244,3.94,1.72,6.599999905,0.0,-29.99999520000003,0.0,-999,-999,-999,-999,-999,-999,-999,-999
152,1,115.42,0.024244,3.94,1.72,7.199999809,0.0,29.99999520000003,0.0,-999,-999,-999,-999,-999,-999,-999,-999
153,1,115.54,0.024244,3.94,1.72,7.199999809,0.0,0.0,0.0,-999,-999,-999,-999,-999,-999,-999,-999
154,1,115.65,0.024244,3.94,1.72,6.599999905,0.0,-29.99999520000003,0.0,-999,-999,-999,-999,-999,-999,-999,-999
155,1,115.77,0.024244,3.94,1.72,7.199999809,0.0,29.99999520000003,0.0,-999,-999,-999,-999,-999,-999,-999,-999
156,1,115.88,0.024244,3.94,1.72,6.599999905,0.0,-29.99999520000003,0.0,-999,-999,-999,-999,-999,-999,-999,-999
157,1,115.99,0.024244,3.94,1.72,6.599999905,0.0,0.0,0.0,-999,-999,-999,-999,-999,-999,-999,-999
158,1,116.11,0.024244,3.94,1.72,7.199999809,0.0,29.99999520000003,0.0,-999,-999,-999,-999,-999,-999,-999,-999
159,1,116.22,0.024244,3.94,1.72,6.599999905,0.0,-29.99999520000003,0.0,-999,-999,-999,-999,-999,-999,-999,-999
160,1,116.33,0.024244,3.94,1.72,6.599999905,0.0,0.0,0.0,-999,-999,-999,-999,-999,-999,-999,-999
161,1,116.45,0.024244,3.94,1.72,7.199999809,0.0,29.99999520000003,0.0,-999,-999,-999,-999,-999,-999,-999,-999
162,1,116.56,0.024244,3.94,1.72,6.599999905,0.0,-29.99999520000003,0.0,-999,-999,-999,-999,-999,-999,-999,-999
163,1,116.67,0.024244,3.94,1.72,6.599999905,0.0,0.0,0.0,-999,-999,-999,-999,-999,-999,-999,-999
164,1,116.78,0.024244,3.94,1.72,6.599999905,0.0,0.0,0.0,-999,-999,-999,-999,-999,-999,-999,-999
165,1,116.9,0.024244,3.94,1.72,7.199999809,0.0,29.99999520000003,0.0,-999,-999,-999,-999,-999,-999,-999,-999
166,1,117.01,0.024244,3.94,1.72,6.599999905,0.0,-29.99999520000003,0.0,-999,-999,-999,-999,-999,-999,-999,-999
167,1,117.12,0.024244,3.94,1.72,6.599999905,0.0,0.0,0.0,-999,-999,-999,-999,-999,-999,-999,-999
168,1,117.23,0.024244,3.94,1.72,6.599999905,0.0,0.0,0.0,-999,-999,-999,-999,-999,-999,-999,-999
169,1,117.34,0.024244,3.94,1.72,6.599999905,0.0,0.0,0.0,-999,-999,-999,-999,-999,-999,-999,-999
170,1,117.45,0.024244,3.94,1.72,6.599999905,0.0,0.0,0.0,-999,-999,-999,-999,-999,-999,-999,-999
171,1,117.56,0.024244,3.94,1.72,6.599999905,0.0,0.0,0.0,-999,-999,-999,-999,-999,-999,-999,-999
172,1,117.66,0.024244,3.94,1.72,6.0,0.0,-29.999995249999987,0.0,-999,-999,-999,-999,-999,-999,-999,-999
173,1,117.77,0.024244,3.94,1.72,6.599999905,0.0,29.999995249999987,0.0,-999,-999,-999,-999,-999,-999,-999,-999
174,1,117.88,0.024244,3.94,1.72,6.599999905,0.0,0.0,0.0,-999,-999,-999,-999,-999,-999,-999,-999
175,1,117.99,0.024244,3.94,1.72,6.599999905,0.0,0.0,0.0,-999,-999,-999,-999,-999,-999,-999,-999
176,1,118.09,0.024244,3.94,1.72,6.0,0.0,-29.999995249999987,0.0,-999,-999,-999,-999,-999,-999,-999,-999
177,1,118.2,0.024244,3.94,1.72,6.599999905,0.0,29.999995249999987,0.0,-999,-999,-999,-999,-999,-999,-999,-999
178,1,118.31,0.024244,3.94,1.72,6.599999905,0.0,0.0,0.0,-999,-999,-999,-999,-999,-999,-999,-999
179,1,118.41,0.024244,3.94,1.72,6.0,0.0,-29.999995249999987,0.0,-999,-999,-999,-999,-999,-999,-999,-999
180,1,118.52,0.024244,3.94,1.72,6.599999905,0.0,29.999995249999987,0.0,-999,-999,-999,-999,-999,-999,-999,-999
181,1,118.63,0.024244,3.94,1.72,6.599999905,0.0,0.0,0.0,-999,-999,-999,-999,-999,-999,-999,-999
182,1,118.73,0.024244,3.94,1.72,6.0,0.0,-29.999995249999987,0.0,-999,-999,-999,-999,-999,-999,-999,-999
183,1,118.84,0.024244,3.94,1.72,6.599999905,0.0,29.999995249999987,0.0,-999,-999,-999,-999,-999,-999,-999,-999
184,1,118.94,0.024244,3.94,1.72,6.0,0.0,-29.999995249999987,0.0,-999,-999,-999,-999,-999,-999,-999,-999
185,1,119.05,0.024244,3.94,1.72,6.599999905,0.0,29.999995249999987,0.0,-999,-999,-999,-999,-999,-999,-999,-999
186,1,119.15,0.024244,3.94,1.72,6.0,0.0,-29.999995249999987,0.0,-999,-999,-999,-999,-999,-999,-999,-999
187,1,119.26,0.024244,3.94,1.72,6.599999905,0.0,29.999995249999987,0.0,-999,-999,-999,-999,-999,-999,-999,-999
188,1,119.36,0.024244,3.94,1.72,6.0,0.0,-29.999995249999987,0.0,-999,-999,-999,-999,-999,-999,-999,-999
189,1,119.47,0.024244,3.94,1.72,6.599999905,0.0,29.999995249999987,0.0,-999,-999,-999,-999,-999,-999,-999,-999
190,1,119.57,0.024244,3.94,1.72,6.0,0.0,-29.999995249999987,0.0,-999,-999,-999,-999,-999,-999,-999,-999
191,1,119.68,0.024244,3.94,1.72,6.599999905,0.0,29.999995249999987,0.0,-999,-999,-999,-999,-999,-999,-999,-999
192,1,119.78,0.024244,3.94,1.72,6.0,0.0,-29.999995249999987,0.0,-999,-999,-999,-999,-999,-999,-999,-999
193,1,119.88,0.024244,3.94,1.72,6.0,0.0,0.0,0.0,-999,-999,-999,-999,-999,-999,-999,-999
194,1,119.99,0.024244,3.94,1.72,6.599999905,0.0,29.999995249999987,0.0,-999,-999,-999,-999,-999,-999,-999,-999
195,1,120.09,0.024244,3.94,1.72,6.0,0.0,-29.999995249999987,0.0,-999,-999,-999,-999,-999,-999,-999,-999
196,1,120.19,0.024244,3.94,1.72,6.0,0.0,0.0,0.0,-999,-999,-999,-999,-999,-999,-999,-999
197,1,120.3,0.024244,3.94,1.72,6.599999905,0.0,29.999995249999987,0.0,-999,-999,-999,-999,-999,-999,-999,-999
198,1,120.4,0.024244,3.94,1.72,6.0,0.0,-29.999995249999987,0.0,-999,-999,-999,-999,-999,-999,-999,-999
199,1,120.5,0.024244,3.94,1.72,6.0,0.0,0.0,0.0,-999,-999,-999,-999,-999,-999,-999,-999
200,1,120.61,0.024244,3.94,1.72,6.599999905,0.0,29.999995249999987,0.0,-999,-999,-999,-999,-999,-999,-999,-999
201,1,120.71,0.024244,3.94,1.72,6.0,0.0,-29.999995249999987,0.0,-999,-999,-999,-999,-999,-999,-999,-999
202,1,120.81,0.024244,3.94,1.72,6.0,0.0,0.0,0.0,-999,-999,-999,-999,-999,-999,-999,-999
203,1,120.92,0.024244,3.94,1.72,6.599999905,0.0,29.999995249999987,0.0,-999,-999,-999,-999,-999,-999,-999,-999
204,1,121.02,0.024244,3.94,1.72,6.0,0.0,-29.999995249999987,0.0,-999,-999,-999,-999,-999,-999,-999,-999
205,1,121.12,0.024244,3.94,1.72,6.0,0.0,0.0,0.0,-999,-999,-999,-999,-999,-999,-999,-999
206,1,121.23,0.024244,3.94,1.72,6.599999905,0.0,29.999995249999987,0.0,-999,-999,-999,-999,-999,-999,-999,-999
207,1,121.33,0.024244,3.94,1.72,6.0,0.0,-29.999995249999987,0.0,-999,-999,-999,-999,-999,-999,-999,-999
208,1,121.43,0.024244,3.94,1.72,6.0,0.0,0.0,0.0,-999,-999,-999,-999,-999,-999,-999,-999
209,1,121.54,0.024244,3.94,1.72,6.599999905,0.0,29.999995249999987,0.0,-999,-999,-999,-999,-999,-999,-999,-999
210,1,121.64,0.024244,3.94,1.72,6.0,0.0,-29.999995249999987,0.0,-999,-999,-999,-999,-999,-999,-999,-999
211,1,121.74,0.024244,3.94,1.72,6.0,0.0,0.0,0.0,-999,-999,-999,-999,-999,-999,-999,-999
212,1,121.84,0.024244,3.94,1.72,6.0,0.0,0.0,0.0,-999,-999,-999,-999,-999,-999,-999,-999
213,1,121.94,0.024244,3.94,1.72,6.0,0.0,0.0,0.0,-999,-999,-999,-999,-999,-999,-999,-999
214,1,122.05,0.024244,3.94,1.72,6.599999905,0.0,29.999995249999987,0.0,-999,-999,-999,-999,-999,-999,-999,-999
215,1,122.15,0.024244,3.94,1.72,6.0,0.0,-29.999995249999987,0.0,-999,-999,-999,-999,-999,-999,-999,-999
216,1,122.25,0.024244,3.94,1.72,6.0,0.0,0.0,0.0,-999,-999,-999,-999,-999,-999,-999,-999
217,1,122.35,0.024244,3.94,1.72,6.0,0.0,0.0,0.0,-999,-999,-999,-999,-999,-999,-999,-999
218,1,122.45,0.024244,3.94,1.72,6.0,0.0,0.0,0.0,-999,-999,-999,-999,-999,-999,-999,-999
219,1,122.56,0.024244,3.94,1.72,6.599999905,0.0,29.999995249999987,0.0,-999,-999,-999,-999,-999,-999,-999,-999
220,1,122.66,0.024244,3.94,1.72,6.0,0.0,-29.999995249999987,0.0,-999,-999,-999,-999,-999,-999,-999,-999
221,1,122.76,0.024244,3.94,1.72,6.0,0.0,0.0,0.0,-999,-999,-999,-999,-999,-999,-999,-999
222,1,122.86,0.024244,3.94,1.72,6.0,0.0,0.0,0.0,-999,-999,-999,-999,-999,-999,-999,-999
223,1,122.96,0.024244,3.94,1.72,6.0,0.0,0.0,0.0,-999,-999,-999,-999,-999,-999,-999,-999
224,1,123.06,0.024244,3.94,1.72,6.0,0.0,0.0,0.0,-999,-999,-999,-999,-999,-999,-999,-999
225,1,123.16,0.024244,3.94,1.72,6.0,0.0,0.0,0.0,-999,-999,-999,-999,-999,-999,-999,-999
226,1,123.27,0.024244,3.94,1.72,6.599999905,0.0,29.999995249999987,0.0,-999,-999,-999,-999,-999,-999,-999,-999
227,1,123.37,0.024244,3.94,1.72,6.0,0.0,-29.999995249999987,0.0,-999,-999,-999,-999,-999,-999,-999,-999
228,1,123.47,0.024244,3.94,1.72,6.0,0.0,0.0,0.0,-999,-999,-999,-999,-999,-999,-999,-999
229,1,123.57,0.024244,3.94,1.72,6.0,0.0,0.0,0.0,-999,-999,-999,-999,-999,-999,-999,-999
230,1,123.67,0.024244,3.94,1.72,6.0,0.0,0.0,0.0,-999,-999,-999,-999,-999,-999,-999,-999
231,1,123.78,0.024244,3.94,1.72,6.599999905,0.0,29.999995249999987,0.0,-999,-999,-999,-999,-999,-999,-999,-999
232,1,123.88,0.024244,3.94,1.72,6.0,0.0,-29.999995249999987,0.0,-999,-999,-999,-999,-999,-999,-999,-999
233,1,123.98,0.024244,3.94,1.72,6.0,0.0,0.0,0.0,-999,-999,-999,-999,-999,-999,-999,-999
234,1,124.08,0.024244,3.94,1.72,6.0,0.0,0.0,0.0,-999,-999,-999,-999,-999,-999,-999,-999
235,1,124.18,0.024244,3.94,1.72,6.0,0.0,0.0,0.0,-999,-999,-999,-999,-999,-999,-999,-999
236,1,124.28,0.024244,3.94,1.72,6.0,0.0,0.0,0.0,-999,-999,-999,-999,-999,-999,-999,-999
237,1,124.38,0.024244,3.94,1.72,6.0,0.0,0.0,0.0,-999,-999,-999,-999,-999,-999,-999,-999
238,1,124.49,0.024244,3.94,1.72,6.599999905,0.0,29.999995249999987,0.0,-999,-999,-999,-999,-999,-999,-999,-999
239,1,124.59,0.024244,3.94,1.72,6.0,0.0,-29.999995249999987,0.0,-999,-999,-999,-999,-999,-999,-999,-999
240,1,124.69,0.024244,3.94,1.72,6.0,0.0,0.0,0.0,-999,-999,-999,-999,-999,-999,-999,-999
241,1,124.79,0.024244,3.94,1.72,6.0,0.0,0.0,0.0,-999,-999,-999,-999,-999,-999,-999,-999
242,1,124.89,0.024244,3.94,1.72,6.0,0.0,0.0,0.0,-999,-999,-999,-999,-999,-999,-999,-999
243,1,124.99,0.024244,3.94,1.72,6.0,0.0,0.0,0.0,-999,-999,-999,-999,-999,-999,-999,-999
244,1,125.09,0.024244,3.94,1.72,6.0,0.0,0.0,0.0,-999,-999,-999,-999,-999,-999,-999,-999
245,1,125.19,0.024244,3.94,1.72,6.0,0.0,0.0,0.0,-999,-999,-999,-999,-999,-999,-999,-999
246,1,125.29,0.024244,3.94,1.72,6.0,0.0,0.0,0.0,-999,-999,-999,-999,-999,-999,-999,-999
247,1,125.39,0.024244,3.94,1.72,6.0,0.0,0.0,0.0,-999,-999,-999,-999,-999,-999,-999,-999
248,1,125.49,0.024244,3.94,1.72,6.0,0.0,0.0,0.0,-999,-999,-999,-999,-999,-999,-999,-999
249,1,125.59,0.024244,3.94,1.72,6.0,0.0,0.0,0.0,-999,-999,-999,-999,-999,-999,-999,-999
250,1,125.69,0.024244,3.94,1.72,6.0,0.0,0.0,0.0,-999,-999,-999,-999,-999,-999,-999,-999
251,1,125.79,0.024244,3.94,1.72,6.0,0.0,0.0,0.0,-999,-999,-999,-999,-999,-999,-999,-999
252,1,125.89,0.024244,3.94,1.72,6.0,0.0,0.0,0.0,-999,-999,-999,-999,-999,-999,-999,-999
253,1,125.99,0.024244,3.94,1.72,6.0,0.0,0.0,0.0,-999,-999,-999,-999,-999,-999,-999,-999
254,1,126.09,0.024244,3.94,1.72,6.0,0.0,0.0,0.0,-999,-999,-999,-999,-999,-999,-999,-999
255,1,126.19,0.024244,3.94,1.72,6.0,0.0,0.0,0.0,-999,-999,-999,-999,-999,-999,-999,-999
256,1,126.29,0.024244,3.94,1.72,6.0,0.0,0.0,0.0,-999,-999,-999,-999,-999,-999,-999,-999
257,1,126.39,0.024244,3.94,1.72,6.0,0.0,0.0,0.0,-999,-999,-999,-999,-999,-999,-999,-999
258,1,126.49,0.024244,3.94,1.72,6.0,0.0,0.0,0.0,-999,-999,-999,-999,-999,-999,-999,-999
259,1,126.59,0.024244,3.94,1.72,6.0,0.0,0.0,0.0,-999,-999,-999,-999,-999,-999,-999,-999
260,1,126.69,0.024244,3.94,1.72,6.0,0.0,0.0,0.0,-999,-999,-999,-999,-999,-999,-999,-999
261,1,126.79,0.024244,3.94,1.72,6.0,0.0,0.0,0.0,-999,-999,-999,-999,-999,-999,-999,-999
262,1,126.89,0.024244,3.94,1.72,6.0,0.0,0.0,0.0,-999,-999,-999,-999,-999,-999,-999,-999
263,1,126.99,0.024244,3.94,1.72,6.0,0.0,0.0,0.0,-999,-999,-999,-999,-999,-999,-999,-999
264,1,127.09,0.024244,3.94,1.72,6.0,0.0,0.0,0.0,-999,-999,-999,-999,-999,-999,-999,-999
265,1,127.19,0.024244,3.94,1.72,6.0,0.0,0.0,0.0,-999,-999,-999,-999,-999,-999,-999,-999
266,1,127.29,0.024244,3.94,1.72,6.0,0.0,0.0,0.0,-999,-999,-999,-999,-999,-999,-999,-999
267,1,127.39,0.024244,3.94,1.72,6.0,0.0,0.0,0.0,-999,-999,-999,-999,-999,-999,-999,-999
268,1,127.48,0.024244,3.94,1.72,5.400000095,0.0,-29.999995249999987,0.0,-999,-999,-999,-999,-999,-999,-999,-999
269,1,127.58,0.024244,3.94,1.72,6.0,0.0,29.999995249999987,0.0,-999,-999,-999,-999,-999,-999,-999,-999
270,1,127.68,0.024244,3.94,1.72,6.0,0.0,0.0,0.0,-999,-999,-999,-999,-999,-999,-999,-999
271,1,127.78,0.024244,3.94,1.72,6.0,0.0,0.0,0.0,-999,-999,-999,-999,-999,-999,-999,-999
272,1,127.87,0.024244,3.94,1.72,5.400000095,0.0,-29.999995249999987,0.0,-999,-999,-999,-999,-999,-999,-999,-999
273,1,127.97,0.024244,3.94,1.72,6.0,0.0,29.999995249999987,0.0,-999,-999,-999,-999,-999,-999,-999,-999
274,1,128.07,0.024244,3.94,1.72,6.0,0.0,0.0,0.0,-999,-999,-999,-999,-999,-999,-999,-999
275,1,128.16,0.024244,3.94,1.72,5.400000095,0.0,-29.999995249999987,0.0,-999,-999,-999,-999,-999,-999,-999,-999
276,1,128.26,0.024244,3.94,1.72,6.0,0.0,29.999995249999987,0.0,-999,-999,-999,-999,-999,-999,-999,-999
277,1,128.36,0.024244,3.94,1.72,6.0,0.0,0.0,0.0,-999,-999,-999,-999,-999,-999,-999,-999
278,1,128.46,0.024244,3.94,1.72,6.0,0.0,0.0,0.0,-999,-999,-999,-999,-999,-999,-999,-999
279,1,128.56,0.024244,3.94,1.72,6.0,0.0,0.0,0.0,-999,-999,-999,-999,-999,-999,-999,-999
280,1,128.65,0.024244,3.94,1.72,5.400000095,0.0,-29.999995249999987,0.0,-999,-999,-999,-999,-999,-999,-999,-999
281,1,128.75,0.024244,3.94,1.72,6.0,0.0,29.999995249999987,0.0,-999,-999,-999,-999,-999,-999,-999,-999
282,1,128.85,0.024244,3.94,1.72,6.0,0.0,0.0,0.0,-999,-999,-999,-999,-999,-999,-999,-999
283,1,128.95,0.024244,3.94,1.72,6.0,0.0,0.0,0.0,-999,-999,-999,-999,-999,-999,-999,-999
284,1,129.04,0.024244,3.94,1.72,5.400000095,0.0,-29.999995249999987,0.0,-999,-999,-999,-999,-999,-999,-999,-999
285,1,129.14,0.024244,3.94,1.72,6.0,0.0,29.999995249999987,0.0,-999,-999,-999,-999,-999,-999,-999,-999
286,1,129.24,0.024244,3.94,1.72,6.0,0.0,0.0,0.0,-999,-999,-999,-999,-999,-999,-999,-999
287,1,129.33,0.024244,3.94,1.72,5.400000095,0.0,-29.999995249999987,0.0,-999,-999,-999,-999,-999,-999,-999,-999
288,1,129.43,0.024244,3.94,1.72,6.0,0.0,29.999995249999987,0.0,-999,-999,-999,-999,-999,-999,-999,-999
289,1,129.53,0.024244,3.94,1.72,6.0,0.0,0.0,0.0,-999,-999,-999,-999,-999,-999,-999,-999
290,1,129.62,0.024244,3.94,1.72,5.400000095,0.0,-29.999995249999987,0.0,-999,-999,-999,-999,-999,-999,-999,-999
291,1,129.72,0.024244,3.94,1.72,6.0,0.0,29.999995249999987,0.0,-999,-999,-999,-999,-999,-999,-999,-999
292,1,129.81,0.024244,3.94,1.72,5.400000095,0.0,-29.999995249999987,0.0,-999,-999,-999,-999,-999,-999,-999,-999
293,1,129.91,0.024244,3.94,1.72,6.0,0.0,29.999995249999987,0.0,-999,-999,-999,-999,-999,-999,-999,-999
294,1,130.0,0.024244,3.94,1.72,5.400000095,0.0,-29.999995249999987,0.0,-999,-999,-999,-999,-999,-999,-999,-999
295,1,130.1,0.024244,3.94,1.72,6.0,0.0,29.999995249999987,0.0,-999,-999,-999,-999,-999,-999,-999,-999
296,1,130.19,0.024244,3.94,1.72,5.400000095,0.0,-29.999995249999987,0.0,-999,-999,-999,-999,-999,-999,-999,-999
297,1,130.29,0.024244,3.94,1.72,6.0,0.0,29.999995249999987,0.0,-999,-999,-999,-999,-999,-999,-999,-999
298,1,130.39,0.024244,3.94,1.72,6.0,0.0,0.0,0.0,-999,-999,-999,-999,-999,-999,-999,-999
299,1,130.48,0.024244,3.94,1.72,5.400000095,0.0,-29.999995249999987,0.0,-999,-999,-999,-999,-999,-999,-999,-999
300,1,130.58,0.024244,3.94,1.72,6.0,0.0,29.999995249999987,0.0,-999,-999,-999,-999,-999,-999,-999,-999
301,1,130.68,0.024244,3.94,1.72,6.0,0.0,0.0,0.0,-999,-999,-999,-999,-999,-999,-999,-999
302,1,130.77,0.024244,3.94,1.72,5.400000095,0.0,-29.999995249999987,0.0,-999,-999,-999,-999,-999,-999,-999,-999
303,1,130.87,0.024244,3.94,1.72,6.0,0.0,29.999995249999987,0.0,-999,-999,-999,-999,-999,-999,-999,-999
304,1,130.96,0.024244,3.94,1.72,5.400000095,0.0,-29.999995249999987,0.0,-999,-999,-999,-999,-999,-999,-999,-999
305,1,131.06,0.024244,3.94,1.72,6.0,0.0,29.999995249999987,0.0,-999,-999,-999,-999,-999,-999,-999,-999
306,1,131.15,0.024244,3.94,1.72,5.400000095,0.0,-29.999995249999987,0.0,-999,-999,-999,-999,-999,-999,-999,-999
307,1,131.25,0.024244,3.94,1.72,6.0,0.0,29.999995249999987,0.0,-999,-999,-999,-999,-999,-999,-999,-999
308,1,131.34,0.024244,3.94,1.72,5.400000095,0.0,-29.999995249999987,0.0,-999,-999,-999,-999,-999,-999,-999,-999
309,1,131.44,0.024244,3.94,1.72,6.0,0.0,29.999995249999987,0.0,-999,-999,-999,-999,-999,-999,-999,-999
310,1,131.53,0.024244,3.94,1.72,5.400000095,0.0,-29.999995249999987,0.0,-999,-999,-999,-999,-999,-999,-999,-999
311,1,131.63,0.024244,3.94,1.72,6.0,0.0,29.999995249999987,0.0,-999,-999,-999,-999,-999,-999,-999,-999
312,1,131.72,0.024244,3.94,1.72,5.400000095,0.0,-29.999995249999987,0.0,-999,-999,-999,-999,-999,-999,-999,-999
313,1,131.81,0.024244,3.94,1.72,5.400000095,0.0,0.0,0.0,-999,-999,-999,-999,-999,-999,-999,-999
314,1,131.91,0.024244,3.94,1.72,6.0,0.0,29.999995249999987,0.0,-999,-999,-999,-999,-999,-999,-999,-999
315,1,132.0,0.024244,3.94,1.72,5.400000095,0.0,-29.999995249999987,0.0,-999,-999,-999,-999,-999,-999,-999,-999
316,1,132.09,0.024244,3.94,1.72,5.400000095,0.0,0.0,0.0,-999,-999,-999,-999,-999,-999,-999,-999
317,1,132.19,0.024244,3.94,1.72,6.0,0.0,29.999995249999987,0.0,-999,-999,-999,-999,-999,-999,-999,-999
318,1,132.28,0.024244,3.94,1.72,5.400000095,0.0,-29.999995249999987,0.0,-999,-999,-999,-999,-999,-999,-999,-999
319,1,132.38,0.024244,3.94,1.72,6.0,0.0,29.999995249999987,0.0,-999,-999,-999,-999,-999,-999,-999,-999
320,1,132.47,0.024244,3.94,1.72,5.400000095,0.0,-29.999995249999987,0.0,-999,-999,-999,-999,-999,-999,-999,-999
321,1,132.57,0.024244,3.94,1.72,6.0,0.0,29.999995249999987,0.0,-999,-999,-999,-999,-999,-999,-999,-999
322,1,132.66,0.024244,3.94,1.72,5.400000095,0.0,-29.999995249999987,0.0,-999,-999,-999,-999,-999,-999,-999,-999
323,1,132.76,0.024244,3.94,1.72,6.0,0.0,29.999995249999987,0.0,-999,-999,-999,-999,-999,-999,-999,-999
324,1,132.85,0.024244,3.94,1.72,5.400000095,0.0,-29.999995249999987,0.0,-999,-999,-999,-999,-999,-999,-999,-999
325,1,132.94,0.024244,3.94,1.72,5.400000095,0.0,0.0,0.0,-999,-999,-999,-999,-999,-999,-999,-999
326,1,133.04,0.024244,3.94,1.72,6.0,0.0,29.999995249999987,0.0,-999,-999,-999,-999,-999,-999,-999,-999
327,1,133.13,0.024244,3.94,1.72,5.400000095,0.0,-29.999995249999987,0.0,-999,-999,-999,-999,-999,-999,-999,-999
328,1,133.22,0.024244,3.94,1.72,5.400000095,0.0,0.0,0.0,-999,-999,-999,-999,-999,-999,-999,-999
329,1,133.32,0.024244,3.94,1.72,6.0,0.0,29.999995249999987,0.0,-999,-999,-999,-999,-999,-999,-999,-999
330,1,133.41,0.024244,3.94,1.72,5.400000095,0.0,-29.999995249999987,0.0,-999,-999,-999,-999,-999,-999,-999,-999
331,1,133.5,0.024244,3.94,1.72,5.400000095,0.0,0.0,0.0,-999,-999,-999,-999,-999,-999,-999,-999
332,1,133.6,0.024244,3.94,1.72,6.0,0.0,29.999995249999987,0.0,-999,-999,-999,-999,-999,-999,-999,-999
333,1,133.69,0.024244,3.94,1.72,5.400000095,0.0,-29.999995249999987,0.0,-999,-999,-999,-999,-999,-999,-999,-999
334,1,133.78,0.024244,3.94,1.72,5.400000095,0.0,0.0,0.0,-999,-999,-999,-999,-999,-999,-999,-999
335,1,133.88,0.024244,3.94,1.72,6.0,0.0,29.999995249999987,0.0,-999,-999,-999,-999,-999,-999,-999,-999
336,1,133.97,0.024244,3.94,1.72,5.400000095,0.0,-29.999995249999987,0.0,-999,-999,-999,-999,-999,-999,-999,-999
337,1,134.06,0.024244,3.94,1.72,5.400000095,0.0,0.0,0.0,-999,-999,-999,-999,-999,-999,-999,-999
338,1,134.16,0.024244,3.94,1.72,6.0,0.0,29.999995249999987,0.0,-999,-999,-999,-999,-999,-999,-999,-999
339,1,134.25,0.024244,3.94,1.72,5.400000095,0.0,-29.999995249999987,0.0,-999,-999,-999,-999,-999,-999,-999,-999
340,1,134.34,0.024244,3.94,1.72,5.400000095,0.0,0.0,0.0,-999,-999,-999,-999,-999,-999,-999,-999
341,1,134.44,0.024244,3.94,1.72,6.0,0.0,29.999995249999987,0.0,-999,-999,-999,-999,-999,-999,-999,-999
342,1,134.53,0.024244,3.94,1.72,5.400000095,0.0,-29.999995249999987,0.0,-999,-999,-999,-999,-999,-999,-999,-999
343,1,134.62,0.024244,3.94,1.72,5.400000095,0.0,0.0,0.0,-999,-999,-999,-999,-999,-999,-999,-999
344,1,134.71,0.024244,3.94,1.72,5.400000095,0.0,0.0,0.0,-999,-999,-999,-999,-999,-999,-999,-999
345,1,134.81,0.024244,3.94,1.72,6.0,0.0,29.999995249999987,0.0,-999,-999,-999,-999,-999,-999,-999,-999
346,1,134.9,0.024244,3.94,1.72,5.400000095,0.0,-29.999995249999987,0.0,-999,-999,-999,-999,-999,-999,-999,-999
347,1,134.99,0.024244,3.94,1.72,5.400000095,0.0,0.0,0.0,-999,-999,-999,-999,-999,-999,-999,-999
348,1,135.08,0.024244,3.94,1.72,5.400000095,0.0,0.0,0.0,-999,-999,-999,-999,-999,-999,-999,-999
349,1,135.17,0.024244,3.94,1.72,5.400000095,0.0,0.0,0.0,-999,-999,-999,-999,-999,-999,-999,-999
350,1,135.26,0.024244,3.94,1.72,5.400000095,0.0,0.0,0.0,-999,-999,-999,-999,-999,-999,-999,-999
351,1,135.36,0.024244,3.94,1.72,6.0,0.0,29.999995249999987,0.0,-999,-999,-999,-999,-999,-999,-999,-999
352,1,135.45,0.024244,3.94,1.72,5.400000095,0.0,-29.999995249999987,0.0,-999,-999,-999,-999,-999,-999,-999,-999
